ISO3,Country,Region,Sub-region,Development Regions,Total,Gender,Residence,Wealth quintile,Source,Population data,Education_Level
AFG,Afghanistan,SA,SA,Least Developed,37.0,47.099998474121094,42.29999923706055,41.5,DHS 2015,6422789,Primary
ALB,Albania,ECA,EECA,More Developed,2.4000000953674316,2.0999999046325684,3.9000000953674316,3.799999952316284,DHS 2017-18,165268,Primary
DZA,Algeria,MENA,MENA,Less Developed,1.8107390403747559,1.7521799802780151,2.436116933822632,3.7978711128234863,MICS 2019,4497034,Primary
AND,Andorra,ECA,WE,More Developed,,,,,,3913,Primary
AGO,Angola,SSA,ESA,Least Developed,21.694820404052734,22.13231086730957,34.78752899169922,39.326690673828125,DHS 2015-16,6029594,Primary
AIA,Anguilla,LAC,LAC,Not Classified,,,,,,1413,Primary
ATG,Antigua and Barbuda,LAC,LAC,Less Developed,,,,,,9977,Primary
ARG,Argentina,LAC,LAC,Less Developed,0.26473990082740784,0.22713570296764374,,0.44394078850746155,MICS 2019-20,4438912,Primary
ARM,Armenia,ECA,EECA,Less Developed,4.5,4.300000190734863,6,6.099999904632568,DHS 2015-16,170862,Primary
AUS,Australia,EAP,EAP,More Developed,,,,,,2316191,Primary
AUT,Austria,ECA,WE,More Developed,,,,,,339525,Primary
AZE,Azerbaijan,ECA,EECA,Less Developed,,,,,,679757,Primary
BHS,Bahamas,LAC,LAC,Less Developed,,,,,,32477,Primary
BHR,Bahrain,MENA,MENA,Less Developed,,,,,,126069,Primary
BGD,Bangladesh,SA,SA,Least Developed,6.400000095367432,4.5,6.400000095367432,9.100000381469727,MICS 2019,14600000,Primary
BRB,Barbados,LAC,LAC,Less Developed,0.5,1.100000023841858,0.800000011920929,0.6000000238418579,MICS 2012,18833,Primary
BLR,Belarus,ECA,EECA,More Developed,0.0836607962846756,0.024108299985527992,0.1226029023528099,0.1607283055782318,MICS 2019,472058,Primary
BEL,Belgium,ECA,WE,More Developed,,,,,,807814,Primary
BLZ,Belize,LAC,LAC,Less Developed,2.200000047683716,2,3,3.5,MICS 2015-16,46257,Primary
BEN,Benin,SSA,WCA,Least Developed,31.5,34.70000076293945,38.099998474121094,59.20000076293945,DHS 2017-18,1953149,Primary
BTN,Bhutan,SA,SA,Least Developed,7.900000095367432,7.099999904632568,9.600000381469727,15,MICS 2010,87787,Primary
BOL,Bolivia (Plurinational State of),LAC,LAC,Less Developed,2.782860040664673,2.7986879348754883,3.209609031677246,,Encuesta de DemografÃ­a y Salud (EDSA) 2016,1410929,Primary
BIH,Bosnia and Herzegovina,ECA,EECA,More Developed,2.9000000953674316,3.9000000953674316,3,6.5,MICS 2011-12,224861,Primary
BWA,Botswana,SSA,ESA,Less Developed,1.2000000476837158,1,1.2999999523162842,,Botswana Demographic Survey 2017,368907,Primary
BRA,Brazil,LAC,LAC,Less Developed,0.4908559024333954,0.3738451898097992,0.6853864192962646,0.6808401942253113,PNAD 2019,14000000,Primary
VGB,British Virgin Islands,LAC,LAC,Not Classified,,,,,,2111,Primary
BRN,Brunei Darussalam,EAP,EAP,Less Developed,,,,,,41250,Primary
BGR,Bulgaria,ECA,EECA,More Developed,,,,,,280848,Primary
BFA,Burkina Faso,SSA,WCA,Least Developed,48.099998474121094,50,54.70000076293945,69.19999694824219,DHS 2010,3569383,Primary
BDI,Burundi,SSA,ESA,Least Developed,17.700000762939453,17.600000381469727,18.799999237060547,36,DHS 2016-17,1999843,Primary
CPV,Cabo Verde,SSA,WCA,Less Developed,,,,,,63179,Primary
KHM,Cambodia,EAP,EAP,Least Developed,6.355988025665283,5.3513078689575195,6.872050762176514,12.70464038848877,DHS 2014,2072019,Primary
CMR,Cameroon,SSA,WCA,Less Developed,15.334670066833496,17.127880096435547,23.744680404663086,36.56119918823242,DHS 2018,4251079,Primary
CAN,Canada,,,More Developed,,,,,,2377187,Primary
CAF,Central African Republic,SSA,WCA,Least Developed,26.461349487304688,29.99095916748047,34.21073913574219,41.577171325683594,MICS 2018-19,827725,Primary
TCD,Chad,SSA,WCA,Least Developed,56.824649810791016,59.42584991455078,61.247371673583984,78.6240005493164,MICS 2019,2900898,Primary
CHL,Chile,LAC,LAC,Less Developed,1.2999999523162842,0.8999999761581421,0.6000000238418579,,CASEN 2017,1521941,Primary
CHN,China,EAP,EAP,Less Developed,5.199999809265137,5.199999809265137,5.300000190734863,,National Population Sample Survey 2015,103000000,Primary
COL,Colombia,LAC,LAC,Less Developed,1.9103529453277588,1.6109199523925781,2.2876479625701904,2.551666021347046,DHS 2015,3703559,Primary
COM,Comoros,SSA,ESA,Least Developed,14.300000190734863,14.600000381469727,16.700000762939453,27.700000762939453,DHS 2012,132614,Primary
COG,Congo,SSA,WCA,Less Developed,3.200000047683716,3,5.699999809265137,7.599999904632568,MICS 2014-15,897164,Primary
COK,Cook Islands,EAP,EAP,Less Developed,,,,,,1575,Primary
CRI,Costa Rica,LAC,LAC,Less Developed,1.3445440530776978,1.339840054512024,1.1511269807815552,1.2640190124511719,MICS 2018,429284,Primary
HRV,Croatia,ECA,EECA,More Developed,,,,,,165142,Primary
CUB,Cuba,LAC,LAC,Less Developed,0.9769952297210693,1.0495469570159912,0.7562574148178101,1.3768030405044556,MICS 2019,745008,Primary
CYP,Cyprus,ECA,WE,More Developed,,,,,,58763,Primary
CZE,Czechia,ECA,WE,More Developed,,,,,,561332,Primary
CIV,Côte d'Ivoire,SSA,WCA,Less Developed,23.0,25.700000762939453,29,38,MICS 2016,4082734,Primary
PRK,Democratic People's Republic of Korea,EAP,EAP,Less Developed,3.299999952316284,3.4000000953674316,3.5,,MICS 2017,1660392,Primary
COD,Democratic Republic of the Congo,SSA,WCA,Least Developed,21.614139556884766,22.341520309448242,28.027780532836914,34.946781158447266,MICS 2017-18,15600000,Primary
DNK,Denmark,ECA,WE,More Developed,,,,,,440154,Primary
DJI,Djibouti,SSA,ESA,Least Developed,,,,,,96032,Primary
DMA,Dominica,LAC,LAC,Less Developed,,,,,,5993,Primary
DOM,Dominican Republic,LAC,LAC,Less Developed,2.988792896270752,2.935652017593384,4.114005088806152,7.96872091293335,MICS 2019,1155227,Primary
ECU,Ecuador,LAC,LAC,Less Developed,1.2999999523162842,1.5,0.6000000238418579,,GEPH-ENEMDU-DICIEMBRE - 2019,1908776,Primary
EGY,Egypt,MENA,MENA,Less Developed,3.0999999046325684,3.299999952316284,3.200000047683716,5.199999809265137,DHS 2014,13900000,Primary
SLV,El Salvador,LAC,LAC,Less Developed,3.5,3.200000047683716,4.5,7.699999809265137,MICS 2014,682413,Primary
GNQ,Equatorial Guinea,SSA,WCA,Less Developed,,,,,,190003,Primary
ERI,Eritrea,SSA,ESA,Least Developed,,,,,,481742,Primary
EST,Estonia,ECA,WE,More Developed,,,,,,91422,Primary
SWZ,Eswatini,SSA,ESA,Less Developed,1.399999976158142,1.2000000476837158,1.5,2.0999999046325684,MICS 2014,201588,Primary
ETH,Ethiopia,SSA,ESA,Least Developed,25.200000762939453,24.5,27,41,DHS 2016,17400000,Primary
FJI,Fiji,EAP,EAP,Less Developed,,,,,,104578,Primary
FIN,Finland,ECA,WE,More Developed,,,,,,372953,Primary
FRA,France,ECA,WE,More Developed,,,,,,4162250,Primary
GAB,Gabon,SSA,WCA,Less Developed,3.700000047683716,3.0999999046325684,5,8,DHS 2012,269557,Primary
GMB,Gambia,SSA,WCA,Least Developed,27.100000381469727,26.600000381469727,34.79999923706055,32.400001525878906,DHS 2013,390643,Primary
GEO,Georgia,ECA,EECA,Less Developed,1.2000000476837158,0.8857061862945557,1.7560720443725586,1.918220043182373,MICS 2018,333492,Primary
DEU,Germany,ECA,WE,More Developed,,,,,,3044765,Primary
GHA,Ghana,SSA,WCA,Less Developed,6.527451992034912,5.985360145568848,8.49549674987793,16.47726058959961,MICS 2017-18,4521498,Primary
GRC,Greece,ECA,WE,More Developed,,,,,,596668,Primary
GRD,Grenada,LAC,LAC,Less Developed,,,,,,12687,Primary
GTM,Guatemala,LAC,LAC,Less Developed,5.5,5.800000190734863,6.400000095367432,9.300000190734863,DHS 2014-15,2349045,Primary
GIN,Guinea,SSA,WCA,Least Developed,34.081199645996094,36.72182083129883,44.12171173095703,55.15787887573242,DHS 2018,2128675,Primary
GNB,Guinea-Bissau,SSA,WCA,Least Developed,27.694509506225586,26.446439743041992,36.47473907470703,37.73836898803711,MICS 2018-19,320739,Primary
GUY,Guyana,LAC,LAC,Less Developed,2.4254119396209717,2.495387077331543,2.745384931564331,1.7571970224380493,MICS 2019-20,86991,Primary
HTI,Haiti,LAC,LAC,Least Developed,8.199999809265137,7.5,10.699999809265137,20.5,DHS 2016-17,1474263,Primary
VAT,Holy See,ECA,WE,Not Classified,,,,,,0,Primary
HND,Honduras,LAC,LAC,Less Developed,4.469109058380127,3.905888080596924,5.169352054595947,8.39049243927002,MICS 2019,1188831,Primary
HUN,Hungary,ECA,WE,More Developed,,,,,,365357,Primary
ISL,Iceland,ECA,WE,More Developed,,,,,,32308,Primary
IND,India,SA,SA,Less Developed,5.900000095367432,6.099999904632568,6.699999809265137,12.600000381469727,DHS 2015-16,120000000,Primary
IDN,Indonesia,EAP,EAP,Less Developed,1.4775179624557495,1.2339529991149902,2.017482042312622,3.313283920288086,DHS 2017,28300000,Primary
IRN,Iran (Islamic Republic of),MENA,MENA,Less Developed,,,,,,8062562,Primary
IRQ,Iraq,MENA,MENA,Less Developed,8.199999809265137,9.5,11.300000190734863,15.800000190734863,MICS 2018,6042916,Primary
IRL,Ireland,ECA,WE,More Developed,,,,,,562679,Primary
ISR,Israel,MENA,MENA,More Developed,,,,,,959237,Primary
ITA,Italy,ECA,WE,More Developed,,,,,,2721071,Primary
JAM,Jamaica,LAC,LAC,Less Developed,0.4000000059604645,0.30000001192092896,0.6000000238418579,1.2000000476837158,MICS 2011,342112,Primary
JPN,Japan,EAP,EAP,More Developed,,,,,,6565401,Primary
JOR,Jordan,MENA,MENA,Less Developed,2.5999999046325684,2.0999999046325684,2.4000000953674316,4.300000190734863,DHS 2017-18,1390703,Primary
KAZ,Kazakhstan,ECA,EECA,Less Developed,0.4000000059604645,0.4000000059604645,0.30000001192092896,0.30000001192092896,MICS 2015,1545325,Primary
KEN,Kenya,SSA,ESA,Less Developed,4.599999904632568,4.699999809265137,5.199999809265137,14.199999809265137,DHS 2014,8345812,Primary
KIR,Kiribati,EAP,EAP,Least Developed,3.196392059326172,2.4090189933776855,2.371309995651245,2.965127944946289,MICS 2018-19,17053,Primary
XKX,Kosovo under UNSC res. 1244*,ECA,,,1.8,1.7,1.1,7.3,MICS 2019-20,,Primary
KWT,Kuwait,MENA,MENA,Less Developed,,,,,,321052,Primary
KGZ,Kyrgyzstan,ECA,EECA,Less Developed,1.0,0.8999999761581421,1.100000023841858,1.7000000476837158,MICS 2018,581801,Primary
LAO,Lao People's Democratic Republic,EAP,EAP,Least Developed,8.0,8.300000190734863,10,19.399999618530273,MICS 2017,768062,Primary
LVA,Latvia,ECA,WE,More Developed,,,,,,120252,Primary
LBN,Lebanon,MENA,MENA,Less Developed,,,,,,346481,Primary
LSO,Lesotho,SSA,ESA,Least Developed,2.700000047683716,2,2.799999952316284,5.199999809265137,MICS 2018,308224,Primary
LBR,Liberia,SSA,WCA,Least Developed,17.399999618530273,16.799999237060547,22.5,31.700000762939453,DHS 2013,794643,Primary
LBY,Libya,MENA,MENA,Less Developed,,,,,,785627,Primary
LIE,Liechtenstein,ECA,WE,More Developed,,,,,,1922,Primary
LTU,Lithuania,ECA,WE,More Developed,,,,,,115425,Primary
LUX,Luxembourg,ECA,WE,More Developed,,,,,,38549,Primary
MDG,Madagascar,SSA,ESA,Least Developed,21.799999237060547,19.299999237060547,24.399999618530273,44.20000076293945,MICS 2018,3582613,Primary
MWI,Malawi,SSA,ESA,Least Developed,5.5,4.800000190734863,5.900000095367432,10.399999618530273,DHS 2015-16,3265900,Primary
MYS,Malaysia,EAP,EAP,Less Developed,,,,,,2997712,Primary
MDV,Maldives,SA,SA,Less Developed,1.0,0.8999999761581421,1,0.8999999761581421,DHS 2016-17,52058,Primary
MLI,Mali,SSA,WCA,Least Developed,47.20000076293945,49.5,54.5,74,MICS 2015,3556557,Primary
MLT,Malta,ECA,WE,More Developed,,,,,,25578,Primary
MHL,Marshall Islands,EAP,EAP,Less Developed,,,,,,8856,Primary
MRT,Mauritania,SSA,WCA,Least Developed,41.900001525878906,40,51.20000076293945,58,MICS 2015,712210,Primary
MUS,Mauritius,SSA,ESA,Less Developed,,,,,,83856,Primary
MEX,Mexico,LAC,LAC,Less Developed,1.2000000476837158,1.100000023841858,1.600000023841858,,ENIGH 2018,13400000,Primary
FSM,Micronesia (Federated States of),EAP,EAP,Less Developed,,,,,,14163,Primary
MCO,Monaco,ECA,WE,More Developed,,,,,,1267,Primary
MNG,Mongolia,EAP,EAP,Less Developed,3.5999999046325684,2.5999999046325684,2.5999999046325684,3.299999952316284,MICS 2018,348598,Primary
MNE,Montenegro,ECA,EECA,More Developed,3.442941904067993,3.127553939819336,3.237170934677124,7.699338912963867,MICS 2018,37501,Primary
MSR,Montserrat,LAC,LAC,Not Classified,,,,,,412,Primary
MAR,Morocco,MENA,MENA,Less Developed,,,,,,4015839,Primary
MOZ,Mozambique,SSA,ESA,Least Developed,22.899999618530273,23,27.200000762939453,35.70000076293945,DHS 2011,6234768,Primary
MMR,Myanmar,EAP,EAP,Least Developed,6.199999809265137,6.900000095367432,7.099999904632568,13.899999618530273,DHS 2015-16,4512706,Primary
NAM,Namibia,SSA,ESA,Less Developed,4.400000095367432,3.799999952316284,5.800000190734863,7.900000095367432,DHS 2013,426063,Primary
NRU,Nauru,EAP,EAP,Less Developed,2.700000047683716,2.299999952316284,,,Population and Housing Census 2011,1553,Primary
NPL,Nepal,SA,SA,Least Developed,5.559241771697998,6.580639839172363,6.32653284072876,6.208983898162842,MICS 2019,2756209,Primary
NLD,Netherlands,ECA,WE,More Developed,,,,,,1085196,Primary
NZL,New Zealand,EAP,EAP,More Developed,,,,,,376483,Primary
NIC,Nicaragua,LAC,LAC,Less Developed,,,,,,787033,Primary
NER,Niger,SSA,WCA,Least Developed,49.099998474121094,53.79999923706055,54.79999923706055,65,DHS 2012,4330614,Primary
NGA,Nigeria,SSA,WCA,Less Developed,27.600000381469727,28.600000381469727,38.70000076293945,64.30000305175781,DHS 2018,34400000,Primary
NIU,Niue,EAP,EAP,Less Developed,,,,,,161,Primary
MKD,North Macedonia,ECA,EECA,More Developed,1.6473679542541504,1.350669026374817,1.0413869619369507,2.900367021560669,MICS 2018-19,114886,Primary
NOR,Norway,ECA,WE,More Developed,,,,,,443669,Primary
OMN,Oman,MENA,MENA,Less Developed,2.5,2,2.700000047683716,,MICS 2014,298231,Primary
PAK,Pakistan,SA,SA,Less Developed,23.0,26.700000762939453,28.100000381469727,50.400001525878906,DHS 2017-18,25500000,Primary
PLW,Palau,EAP,EAP,Less Developed,,,,,,1502,Primary
PAN,Panama,LAC,LAC,Less Developed,0.8999999761581421,0.800000011920929,1.2000000476837158,1.7000000476837158,MICS 2013,460425,Primary
PNG,Papua New Guinea,EAP,EAP,Less Developed,,,,,,1446039,Primary
PRY,Paraguay,LAC,LAC,Less Developed,0.6000000238418579,0.800000011920929,0.8999999761581421,1.600000023841858,Encuesta Permanente de Hogares 2017,817515,Primary
PER,Peru,LAC,LAC,Less Developed,2.5,2.4000000953674316,2.0999999046325684,3.200000047683716,DHS 2012,3145490,Primary
PHL,Philippines,EAP,EAP,Less Developed,2.0999999046325684,1.600000023841858,2.0999999046325684,3.9000000953674316,DHS 2017,13400000,Primary
POL,Poland,ECA,WE,More Developed,,,,,,2357699,Primary
PRT,Portugal,ECA,WE,More Developed,,,,,,546643,Primary
QAT,Qatar,MENA,MENA,Less Developed,2.700000047683716,2.299999952316284,,1.100000023841858,MICS 2012,159823,Primary
KOR,Republic of Korea,EAP,EAP,Less Developed,,,,,,2724486,Primary
MDA,Republic of Moldova,ECA,EECA,More Developed,0.699999988079071,0.699999988079071,0.4000000059604645,1.399999976158142,MICS 2012,127367,Primary
ROU,Romania,ECA,EECA,More Developed,8.399999618530273,8.600000381469727,,,Institute of Educational Sciences and UNICEF 2015-2016,991608,Primary
RUS,Russian Federation,ECA,EECA,More Developed,,,,,,7264020,Primary
RWA,Rwanda,SSA,ESA,Least Developed,5.5,4.400000095367432,5.699999809265137,11.5,DHS 2014-15,1962540,Primary
KNA,Saint Kitts and Nevis,LAC,LAC,Less Developed,,,,,,4954,Primary
LCA,Saint Lucia,LAC,LAC,Less Developed,0.30000001192092896,0.6000000238418579,0.4000000059604645,1.100000023841858,MICS 2012,15341,Primary
VCT,Saint Vincent and the Grenadines,LAC,LAC,Less Developed,,,,,,11539,Primary
WSM,Samoa,EAP,EAP,Less Developed,6.9254608154296875,6.717870235443115,7.170999050140381,11.07800006866455,MICS 2019-20,29008,Primary
SMR,San Marino,ECA,WE,More Developed,,,,,,1665,Primary
STP,Sao Tome and Principe,SSA,WCA,Least Developed,3.35003399848938,2.9713521003723145,3.222243070602417,6.150207996368408,MICS 2019,36397,Primary
SAU,Saudi Arabia,MENA,MENA,Less Developed,,,,,,3478304,Primary
SEN,Senegal,SSA,WCA,Least Developed,38.75857162475586,37.6644401550293,51.004920959472656,56.33332061767578,DHS 2019,2793583,Primary
SRB,Serbia,ECA,EECA,More Developed,0.5707998275756836,1.0261679887771606,0.1500186026096344,0.40166959166526794,MICS 2019,265196,Primary
SYC,Seychelles,SSA,ESA,Less Developed,,,,,,9506,Primary
SLE,Sierra Leone,SSA,WCA,Least Developed,17.299999237060547,14.699999809265137,24.200000762939453,33.900001525878906,MICS 2017,1255614,Primary
SGP,Singapore,EAP,EAP,Less Developed,,,,,,233331,Primary
SVK,Slovakia,ECA,WE,More Developed,,,,,,226558,Primary
SVN,Slovenia,ECA,WE,More Developed,,,,,,130338,Primary
SLB,Solomon Islands,EAP,EAP,Least Developed,,,,,,109807,Primary
SOM,Somalia,SSA,ESA,Least Developed,,,,,,2763693,Primary
ZAF,South Africa,SSA,ESA,Less Developed,1.0,0.800000011920929,1.100000023841858,1.7999999523162842,DHS 2016,8019675,Primary
SSD,South Sudan,SSA,ESA,Least Developed,72.4000015258789,75,77.5,86.19999694824219,MICS 2010,1809074,Primary
ESP,Spain,ECA,WE,More Developed,,,,,,2819664,Primary
LKA,Sri Lanka,SA,SA,Less Developed,2.1108899116516113,2.059947967529297,2.0088210105895996,1.827944040298462,DHS 2016,1675497,Primary
PSE,State of Palestine,MENA,MENA,Less Developed,1.3923100233078003,0.9049047827720642,1.3692899942398071,1.9596459865570068,MICS 2019-20,521522,Primary
SDN,Sudan,SSA,ESA,Least Developed,20.894140243530273,21.41373062133789,26.587310791015625,40.62295150756836,MICS 2014,6778254,Primary
SUR,Suriname,LAC,LAC,Less Developed,2.4000000953674316,1.899999976158142,3.299999952316284,4.900000095367432,MICS 2018,62855,Primary
SWE,Sweden,ECA,WE,More Developed,,,,,,711138,Primary
CHE,Switzerland,ECA,WE,More Developed,,,,,,502915,Primary
SYR,Syrian Arab Republic,MENA,MENA,Less Developed,,,,,,2075685,Primary
TJK,Tajikistan,ECA,EECA,Less Developed,1.899999976158142,2.200000047683716,1.7999999523162842,1.7999999523162842,DHS 2017,920981,Primary
THA,Thailand,EAP,EAP,Less Developed,1.0781049728393555,1.0691759586334229,1.0382839441299438,0.8055039048194885,MICS 2019,4710334,Primary
TLS,Timor-Leste,EAP,EAP,Least Developed,9.5,8.899999618530273,11,17.899999618530273,DHS 2016,183232,Primary
TGO,Togo,SSA,WCA,Least Developed,8.180269241333008,8.78307056427002,11.068260192871094,17.396299362182617,MICS 2017,1311599,Primary
TKL,Tokelau,EAP,EAP,Not Classified,,,,,,128,Primary
TON,Tonga,EAP,EAP,Less Developed,3.6530020236968994,3.5902099609375,3.9487569332122803,4.571229934692383,MICS 2019,14884,Primary
TTO,Trinidad and Tobago,LAC,LAC,Less Developed,1.100000023841858,0.800000011920929,0.8999999761581421,1.899999976158142,MICS 2011,135067,Primary
TUN,Tunisia,MENA,MENA,Less Developed,2.799999952316284,2.700000047683716,3.0999999046325684,3.5,MICS 2018,1161457,Primary
TUR,Turkey,ECA,EECA,Less Developed,3.799999952316284,2.5,4,7,DHS style 2013,5485775,Primary
TKM,Turkmenistan,ECA,EECA,Less Developed,1.308379054069519,0.9471871256828308,1.1022089719772339,0.7199959754943848,MICS 2019,529447,Primary
TCA,Turks and Caicos Islands,LAC,LAC,Not Classified,2.1416890621185303,0.6113036274909973,0,0,MICS 2019-20,3045,Primary
TUV,Tuvalu,EAP,EAP,Least Developed,15.784979820251465,15.257399559020996,20.25861930847168,20.58839988708496,MICS 2019-20,1583,Primary
UGA,Uganda,SSA,ESA,Least Developed,8.0,8.100000381469727,8.899999618530273,19.700000762939453,DHS 2016,9629931,Primary
UKR,Ukraine,ECA,EECA,More Developed,1.7000000476837158,1.5,2.5,2.200000047683716,MICS 2012,1701347,Primary
ARE,United Arab Emirates,MENA,MENA,Less Developed,,,,,,400803,Primary
GBR,United Kingdom,ECA,WE,More Developed,,,,,,4931759,Primary
TZA,United Republic of Tanzania,SSA,ESA,Least Developed,15.899999618530273,14,18.700000762939453,31.600000381469727,DHS 2015-16,11500000,Primary
USA,United States,,,More Developed,,,,,,24500000,Primary
URY,Uruguay,LAC,LAC,Less Developed,0.800000011920929,0.800000011920929,0.30000001192092896,1,MICS 2012-13,282850,Primary
UZB,Uzbekistan,ECA,EECA,Less Developed,,,,,,2553795,Primary
VUT,Vanuatu,EAP,EAP,Least Developed,,,,,,46393,Primary
VEN,Venezuela (Bolivarian Republic of),LAC,LAC,Less Developed,,,,,,3275600,Primary
VNM,Viet Nam,EAP,EAP,Less Developed,1.5,1.7999999523162842,1.7999999523162842,4.5,MICS 2014,7502258,Primary
YEM,Yemen,MENA,MENA,Least Developed,23.0,27.100000381469727,26.600000381469727,43.5,DHS 2013,4576134,Primary
ZMB,Zambia,SSA,ESA,Least Developed,15.621210098266602,13.25802993774414,19.33909034729004,28.151199340820312,DHS 2018,3645211,Primary
ZWE,Zimbabwe,SSA,ESA,Less Developed,4.699999809265137,4,5,8.300000190734863,MICS 2019,3016359,Primary
,Population coverage,,,,,,,,,,Primary
,East Asia & Pacific,EAP,,,0.9074269508248113,183509738,,,,,Primary
,Europe & Central Asia,ECA,,,0.2586999021890824,52832548,,,,,Primary
,Eastern Europe & Central Asia,,EECA,,0.5553446771298934,24611337,,,,,Primary
,Western Europe,,WE,,0.0,28221211,,,,,Primary
,Latin America & Caribbean,LAC,,,0.9285103382117027,57969165,,,,,Primary
,Middle East & North Africa,MENA,,,0.6127285246905377,53119479,,,,,Primary
,North America,,,,0.0,26877187,,,,,Primary
,South Asia,SA,,,1.0,171094340,,,,,Primary
,Sub-Saharan Africa,SSA,,,0.9805124339547591,189249442,,,,,Primary
,Eastern & Southern Africa,,ESA,,0.9649835252792132,98091799,,,,,Primary
,West & Central Africa,,WCA,,0.9972225916372147,91157643,,,,,Primary
,Least developed countries,,,LDC,0.9778250432086695,157730499,,,,,Primary
,World,,,,0.8483174382973997,734651899,,,,,Primary
,"Regional aggregates (unit in %, based on >50% population coverage)",,,,,,,,,,Primary
,East Asia & Pacific,EAP,,,4.071495406521245,3.979731378670331,4.217119174763654,4.72737753153444,,,Primary
,Europe & Central Asia,ECA,,,,–,–,–,,,Primary
,Eastern Europe & Central Asia,,EECA,,2.8187806796308466,2.294258847260454,2.2356846794579295,3.9751172282411162,,,Primary
,Western Europe,,WE,,,–,–,–,,,Primary
,Latin America & Caribbean,LAC,,,1.6130249189995556,1.501308371325457,2.7575056102784448,3.1695149723593885,,,Primary
,Middle East & North Africa,MENA,,,6.5997376438445565,7.480620472542235,8.77060052708775,12.252620716705334,,,Primary
,North America,,,,,–,–,–,,,Primary
,South Asia,SA,,,9.61567754411666,10.603372098197738,11.176772135198254,18.809187159617057,,,Primary
,Sub-Saharan Africa,SSA,,,21.910586657315136,22.22402320121301,27.293608423147017,40.31824450360176,,,Primary
,Eastern & Southern Africa,,ESA,,15.948873399286297,15.439125579711282,19.005793659371786,28.784707500007745,,,Primary
,West & Central Africa,,WCA,,28.11839765807381,29.336854374027673,37.85540910051529,52.28107725839587,,,Primary
,Least developed countries,,,LDC,21.877387140977536,22.352129682054038,,,,,Primary
,World,,,,10.797336479823809,11.258030111754305,14.54679501991948,23.133257729690193,,,Primary
AFG,Afghanistan,SA,SA,Least Developed,39.96126174926758,56.114070892333984,46.038169860839844,49.820350646972656,DHS 2015,3059985,Lower secondary
ALB,Albania,ECA,EECA,More Developed,2.0999999046325684,2.0999999046325684,2.0999999046325684,3.799999952316284,DHS 2017-18,130134,Lower secondary
DZA,Algeria,MENA,MENA,Less Developed,4.126759052276611,4.246854782104492,6.403052806854248,9.168716430664062,MICS 2019,2983112,Lower secondary
AND,Andorra,ECA,WE,More Developed,,,,,,2625,Lower secondary
AGO,Angola,SSA,ESA,Least Developed,15.283920288085938,16.864519119262695,27.95686912536621,31.208820343017578,DHS 2015-16,2609621,Lower secondary
AIA,Anguilla,LAC,LAC,Not Classified,,,,,,611,Lower secondary
ATG,Antigua and Barbuda,LAC,LAC,Less Developed,,,,,,4066,Lower secondary
ARG,Argentina,LAC,LAC,Less Developed,1.1388740539550781,1.069849967956543,,1.11210298538208,MICS 2019-20,2155360,Lower secondary
ARM,Armenia,ECA,EECA,Less Developed,0.800000011920929,0.8999999761581421,0.4000000059604645,0.800000011920929,DHS 2015-16,198453,Lower secondary
AUS,Australia,EAP,EAP,More Developed,,,,,,1298131,Lower secondary
AUT,Austria,ECA,WE,More Developed,,,,,,337749,Lower secondary
AZE,Azerbaijan,ECA,EECA,Less Developed,,,,,,665941,Lower secondary
BHS,Bahamas,LAC,LAC,Less Developed,,,,,,18965,Lower secondary
BHR,Bahrain,MENA,MENA,Less Developed,,,,,,54035,Lower secondary
BGD,Bangladesh,SA,SA,Least Developed,13.0,8,13.199999809265137,19.200000762939453,MICS 2019,8958174,Lower secondary
BRB,Barbados,LAC,LAC,Less Developed,1.1751259565353394,1.2205970287322998,0.6056315898895264,0,MICS 2012,10554,Lower secondary
BLR,Belarus,ECA,EECA,More Developed,0.14797039330005646,0.3168047070503235,0,0,MICS 2019,485257,Lower secondary
BEL,Belgium,ECA,WE,More Developed,,,,,,268809,Lower secondary
BLZ,Belize,LAC,LAC,Less Developed,9.199999809265137,8.5,12.399999618530273,14.699999809265137,MICS 2015-16,30403,Lower secondary
BEN,Benin,SSA,WCA,Least Developed,41.400001525878906,46.79999923706055,48.29999923706055,65.0999984741211,DHS 2017-18,1142614,Lower secondary
BTN,Bhutan,SA,SA,Least Developed,19.222850799560547,18.359540939331055,23.19883918762207,34.81650924682617,MICS 2010,53819,Lower secondary
BOL,Bolivia (Plurinational State of),LAC,LAC,Less Developed,4.174077987670898,4.193265914916992,5.424901962280273,,Encuesta de DemografÃ­a y Salud (EDSA) 2016,463891,Lower secondary
BIH,Bosnia and Herzegovina,ECA,EECA,More Developed,0.8999999761581421,1.2000000476837158,0.699999988079071,4.400000095367432,MICS 2011-12,229082,Lower secondary
BWA,Botswana,SSA,ESA,Less Developed,4.300000190734863,4.5,6.599999904632568,,Botswana Demographic Survey 2017,145402,Lower secondary
BRA,Brazil,LAC,LAC,Less Developed,1.002879023551941,1.0411089658737183,1.3249130249023438,1.4116120338439941,PNAD 2019,11900000,Lower secondary
VGB,British Virgin Islands,LAC,LAC,Not Classified,,,,,,1174,Lower secondary
BRN,Brunei Darussalam,EAP,EAP,Less Developed,,,,,,12346,Lower secondary
BGR,Bulgaria,ECA,EECA,More Developed,,,,,,297415,Lower secondary
BFA,Burkina Faso,SSA,WCA,Least Developed,57.0,58.5,65,77.19999694824219,DHS 2010,2083001,Lower secondary
BDI,Burundi,SSA,ESA,Least Developed,29.399999618530273,28.299999237060547,30.5,49.29999923706055,DHS 2016-17,829360,Lower secondary
CPV,Cabo Verde,SSA,WCA,Less Developed,,,,,,30335,Lower secondary
KHM,Cambodia,EAP,EAP,Least Developed,25.216110229492188,24.865890502929688,26.13763999938965,39.771358489990234,DHS 2014,963876,Lower secondary
CMR,Cameroon,SSA,WCA,Less Developed,19.109540939331055,22.046489715576172,28.34221076965332,39.55134963989258,DHS 2018,2477506,Lower secondary
CAN,Canada,,,More Developed,,,,,,1187769,Lower secondary
CAF,Central African Republic,SSA,WCA,Least Developed,24.15966033935547,30.182819366455078,33.10054016113281,40.289249420166016,MICS 2018-19,521812,Lower secondary
TCD,Chad,SSA,WCA,Least Developed,52.55664825439453,58.047481536865234,57.42396926879883,77.2759017944336,MICS 2019,1668147,Lower secondary
CHL,Chile,LAC,LAC,Less Developed,0.5,0.6000000238418579,0.20000000298023224,,CASEN 2017,502421,Lower secondary
CHN,China,EAP,EAP,Less Developed,3.299999952316284,3.200000047683716,3.700000047683716,,National Population Sample Survey 2015,50200000,Lower secondary
COL,Colombia,LAC,LAC,Less Developed,3.5999999046325684,2.799999952316284,6.400000095367432,7.5,DHS 2015,3067502,Lower secondary
COM,Comoros,SSA,ESA,Least Developed,14.415229797363281,14.149539947509766,16.088899612426758,27.361249923706055,DHS 2012,78311,Lower secondary
COG,Congo,SSA,WCA,Less Developed,6.920376777648926,7.769538879394531,10.202839851379395,13.703920364379883,MICS 2014-15,522428,Lower secondary
COK,Cook Islands,EAP,EAP,Less Developed,,,,,,1054,Lower secondary
CRI,Costa Rica,LAC,LAC,Less Developed,2.5879030227661133,2.8940560817718506,3.4158220291137695,4.455022811889648,MICS 2018,213321,Lower secondary
HRV,Croatia,ECA,EECA,More Developed,,,,,,169038,Lower secondary
CUB,Cuba,LAC,LAC,Less Developed,2.2340729236602783,1.593021035194397,2.789815902709961,2.30289888381958,MICS 2019,361248,Lower secondary
CYP,Cyprus,ECA,WE,More Developed,,,,,,26966,Lower secondary
CZE,Czechia,ECA,WE,More Developed,,,,,,458396,Lower secondary
CIV,Côte d'Ivoire,SSA,WCA,Less Developed,32.53396987915039,38.11930847167969,39.87940979003906,49.620361328125,MICS 2016,2443642,Lower secondary
PRK,Democratic People's Republic of Korea,EAP,EAP,Less Developed,0.20000000298023224,0.30000001192092896,0.4000000059604645,,MICS 2017,1051662,Lower secondary
COD,Democratic Republic of the Congo,SSA,WCA,Least Developed,16.736940383911133,17.70612907409668,20.774980545043945,28.058589935302734,MICS 2017-18,4526916,Lower secondary
DNK,Denmark,ECA,WE,More Developed,,,,,,204255,Lower secondary
DJI,Djibouti,SSA,ESA,Least Developed,,,,,,70224,Lower secondary
DMA,Dominica,LAC,LAC,Less Developed,,,,,,2719,Lower secondary
DOM,Dominican Republic,LAC,LAC,Less Developed,3.3613219261169434,2.3194820880889893,3.164088010787964,6.347312927246094,MICS 2019,379426,Lower secondary
ECU,Ecuador,LAC,LAC,Less Developed,6.0,5.400000095367432,7.699999809265137,,GEPH-ENEMDU-DICIEMBRE - 2019,929418,Lower secondary
EGY,Egypt,MENA,MENA,Less Developed,9.91474437713623,10.320440292358398,11.091190338134766,14.665539741516113,DHS 2014,5537049,Lower secondary
SLV,El Salvador,LAC,LAC,Less Developed,14.800000190734863,15.199999809265137,19.600000381469727,27.5,MICS 2014,343934,Lower secondary
GNQ,Equatorial Guinea,SSA,WCA,Less Developed,,,,,,103185,Lower secondary
ERI,Eritrea,SSA,ESA,Least Developed,,,,,,297318,Lower secondary
EST,Estonia,ECA,WE,More Developed,,,,,,42583,Lower secondary
SWZ,Eswatini,SSA,ESA,Less Developed,4.400000095367432,4.199999809265137,4.300000190734863,6,MICS 2014,87009,Lower secondary
ETH,Ethiopia,SSA,ESA,Least Developed,30.75,31.299999237060547,32.709999084472656,48.04999923706055,DHS 2016,10700000,Lower secondary
FJI,Fiji,EAP,EAP,Less Developed,,,,,,65413,Lower secondary
FIN,Finland,ECA,WE,More Developed,,,,,,182759,Lower secondary
FRA,France,ECA,WE,More Developed,,,,,,3383314,Lower secondary
GAB,Gabon,SSA,WCA,Less Developed,3.3297359943389893,2.6874239444732666,5.172814846038818,6.524484157562256,DHS 2012,179632,Lower secondary
GMB,Gambia,SSA,WCA,Least Developed,32.9139518737793,35.34003829956055,44.58940887451172,43.421348571777344,DHS 2013,168529,Lower secondary
GEO,Georgia,ECA,EECA,Less Developed,1.2000000476837158,0.7833119034767151,1.191789984703064,2.44990611076355,MICS 2018,146989,Lower secondary
DEU,Germany,ECA,WE,More Developed,,,,,,4603878,Lower secondary
GHA,Ghana,SSA,WCA,Less Developed,7.05736780166626,6.436334133148193,8.115824699401855,15.406060218811035,MICS 2017-18,2039777,Lower secondary
GRC,Greece,ECA,WE,More Developed,,,,,,329508,Lower secondary
GRD,Grenada,LAC,LAC,Less Developed,,,,,,5056,Lower secondary
GTM,Guatemala,LAC,LAC,Less Developed,28.700000762939453,33.599998474121094,35.5,46.099998474121094,DHS 2014-15,1152710,Lower secondary
GIN,Guinea,SSA,WCA,Least Developed,46.462310791015625,53.88690185546875,61.911251068115234,72.490966796875,DHS 2018,1281786,Lower secondary
GNB,Guinea-Bissau,SSA,WCA,Least Developed,23.26906967163086,26.07986068725586,26.626750946044922,27.80813980102539,MICS 2018-19,141310,Lower secondary
GUY,Guyana,LAC,LAC,Less Developed,5.142483234405518,4.756505966186523,5.592057228088379,9.353649139404297,MICS 2019-20,42255,Lower secondary
HTI,Haiti,LAC,LAC,Least Developed,6.262977123260498,5.201169013977051,7.871425151824951,14.35696029663086,DHS 2016-17,715885,Lower secondary
VAT,Holy See,ECA,WE,Not Classified,,,,,,0,Lower secondary
HND,Honduras,LAC,LAC,Less Developed,28.975709915161133,25.857730865478516,39.64215087890625,56.41823959350586,MICS 2019,613974,Lower secondary
HUN,Hungary,ECA,WE,More Developed,,,,,,389455,Lower secondary
ISL,Iceland,ECA,WE,More Developed,,,,,,13564,Lower secondary
IND,India,SA,SA,Less Developed,7.2216291427612305,7.548384189605713,7.911106109619141,15.320500373840332,DHS 2015-16,76100000,Lower secondary
IDN,Indonesia,EAP,EAP,Less Developed,5.501772880554199,4.278570175170898,6.468499183654785,11.083330154418945,DHS 2017,13800000,Lower secondary
IRN,Iran (Islamic Republic of),MENA,MENA,Less Developed,,,,,,2461963,Lower secondary
IRQ,Iraq,MENA,MENA,Less Developed,21.100000381469727,27.700000762939453,30.100000381469727,35.70000076293945,MICS 2018,2660144,Lower secondary
IRL,Ireland,ECA,WE,More Developed,,,,,,196859,Lower secondary
ISR,Israel,MENA,MENA,More Developed,,,,,,431962,Lower secondary
ITA,Italy,ECA,WE,More Developed,,,,,,1719636,Lower secondary
JAM,Jamaica,LAC,LAC,Less Developed,0.7272272706031799,0.6906399726867676,0.8217235803604126,2.1365129947662354,MICS 2011,136051,Lower secondary
JPN,Japan,EAP,EAP,More Developed,,,,,,3349172,Lower secondary
JOR,Jordan,MENA,MENA,Less Developed,5.300000190734863,5.099999904632568,5.400000095367432,13.199999809265137,DHS 2017-18,893304,Lower secondary
KAZ,Kazakhstan,ECA,EECA,Less Developed,0.20000000298023224,0.026794500648975372,0.20000000298023224,0.10000000149011612,MICS 2015,1604307,Lower secondary
KEN,Kenya,SSA,ESA,Less Developed,3.269810914993286,3.387716054916382,3.7489330768585205,9.873737335205078,DHS 2014,2725942,Lower secondary
KIR,Kiribati,EAP,EAP,Least Developed,10.346159934997559,5.295648097991943,11.234840393066406,15.859109878540039,MICS 2018-19,8148,Lower secondary
XKX,Kosovo under UNSC res. 1244*,ECA,,,2.7,2.5,1.4,8.6,MICS 2019-20,,Lower secondary
KWT,Kuwait,MENA,MENA,Less Developed,,,,,,243629,Lower secondary
KGZ,Kyrgyzstan,ECA,EECA,Less Developed,1.399999976158142,1.2000000476837158,1.399999976158142,1.7999999523162842,MICS 2018,570836,Lower secondary
LAO,Lao People's Democratic Republic,EAP,EAP,Least Developed,20.0,22.299999237060547,21.600000381469727,31.5,MICS 2017,604472,Lower secondary
LVA,Latvia,ECA,WE,More Developed,,,,,,57341,Lower secondary
LBN,Lebanon,MENA,MENA,Less Developed,,,,,,258170,Lower secondary
LSO,Lesotho,SSA,ESA,Least Developed,14.100000381469727,8.800000190734863,17.5,23.200000762939453,MICS 2018,125880,Lower secondary
LBR,Liberia,SSA,WCA,Least Developed,19.617950439453125,18.39838981628418,28.502769470214844,37.810279846191406,DHS 2013,366673,Lower secondary
LBY,Libya,MENA,MENA,Less Developed,,,,,,367119,Lower secondary
LIE,Liechtenstein,ECA,WE,More Developed,,,,,,1592,Lower secondary
LTU,Lithuania,ECA,WE,More Developed,,,,,,154477,Lower secondary
LUX,Luxembourg,ECA,WE,More Developed,,,,,,18924,Lower secondary
MDG,Madagascar,SSA,ESA,Least Developed,35.599998474121094,33.099998474121094,39.900001525878906,61.20000076293945,MICS 2018,2640632,Lower secondary
MWI,Malawi,SSA,ESA,Least Developed,7.964612007141113,7.887239933013916,8.3241548538208,13.889280319213867,DHS 2015-16,2028309,Lower secondary
MYS,Malaysia,EAP,EAP,Less Developed,,,,,,1460372,Lower secondary
MDV,Maldives,SA,SA,Less Developed,3.9809188842773438,3.8307080268859863,5.788365840911865,6.036211967468262,DHS 2016-17,19219,Lower secondary
MLI,Mali,SSA,WCA,Least Developed,59.0,63,67.69999694824219,83,MICS 2015,1539839,Lower secondary
MLT,Malta,ECA,WE,More Developed,,,,,,12209,Lower secondary
MHL,Marshall Islands,EAP,EAP,Less Developed,,,,,,6156,Lower secondary
MRT,Mauritania,SSA,WCA,Least Developed,41.02861022949219,41.8101692199707,52.321678161621094,62.3974609375,MICS 2015,412181,Lower secondary
MUS,Mauritius,SSA,ESA,Less Developed,,,,,,48174,Lower secondary
MEX,Mexico,LAC,LAC,Less Developed,6.0,5.400000095367432,8.800000190734863,,ENIGH 2018,6681108,Lower secondary
FSM,Micronesia (Federated States of),EAP,EAP,Less Developed,,,,,,4747,Lower secondary
MCO,Monaco,ECA,WE,More Developed,,,,,,871,Lower secondary
MNG,Mongolia,EAP,EAP,Less Developed,4.400000095367432,3.299999952316284,4.300000190734863,6.099999904632568,MICS 2018,218440,Lower secondary
MNE,Montenegro,ECA,EECA,More Developed,1.2886019945144653,1.64956796169281,3.379383087158203,5.631597995758057,MICS 2018,31670,Lower secondary
MSR,Montserrat,LAC,LAC,Not Classified,,,,,,184,Lower secondary
MAR,Morocco,MENA,MENA,Less Developed,,,,,,1841308,Lower secondary
MOZ,Mozambique,SSA,ESA,Least Developed,33.099998474121094,38.29999923706055,41.20000076293945,49.79999923706055,DHS 2011,2370190,Lower secondary
MMR,Myanmar,EAP,EAP,Least Developed,16.5,17.399999618530273,18.5,30,DHS 2015-16,3848616,Lower secondary
NAM,Namibia,SSA,ESA,Less Developed,11.666729927062988,12.109649658203125,12.848739624023438,16.0664005279541,DHS 2013,158264,Lower secondary
NRU,Nauru,EAP,EAP,Less Developed,,,,,,908,Lower secondary
NPL,Nepal,SA,SA,Least Developed,4.324875831604004,4.480227947235107,5.2070159912109375,6.358275890350342,MICS 2019,1727686,Lower secondary
NLD,Netherlands,ECA,WE,More Developed,,,,,,570306,Lower secondary
NZL,New Zealand,EAP,EAP,More Developed,,,,,,259746,Lower secondary
NIC,Nicaragua,LAC,LAC,Less Developed,,,,,,380667,Lower secondary
NER,Niger,SSA,WCA,Least Developed,69.71231842041016,72.58609008789062,79.27703857421875,89.89208984375,DHS 2012,2352082,Lower secondary
NGA,Nigeria,SSA,WCA,Less Developed,26.600000381469727,28.600000381469727,38.79999923706055,67.9000015258789,DHS 2018,15000000,Lower secondary
NIU,Niue,EAP,EAP,Less Developed,,,,,,102,Lower secondary
MKD,North Macedonia,ECA,EECA,More Developed,1.7417479753494263,2.430229902267456,0.2466571033000946,4.4317097663879395,MICS 2018-19,89693,Lower secondary
NOR,Norway,ECA,WE,More Developed,,,,,,192255,Lower secondary
OMN,Oman,MENA,MENA,Less Developed,,,,,,363257,Lower secondary
PAK,Pakistan,SA,SA,Less Developed,26.928409576416016,31.92959976196289,31.395620346069336,55.12784957885742,DHS 2017-18,14300000,Lower secondary
PLW,Palau,EAP,EAP,Less Developed,,,,,,489,Lower secondary
PAN,Panama,LAC,LAC,Less Developed,3.9000000953674316,3.4133899211883545,7.295645236968994,8.692178726196289,MICS 2013,222065,Lower secondary
PNG,Papua New Guinea,EAP,EAP,Less Developed,,,,,,395541,Lower secondary
PRY,Paraguay,LAC,LAC,Less Developed,7.699999809265137,6.599999904632568,10.600000381469727,13.199999809265137,Encuesta Permanente de Hogares 2017,406240,Lower secondary
PER,Peru,LAC,LAC,Less Developed,7.0,7.099999904632568,9.399999618530273,13,DHS 2012,1636398,Lower secondary
PHL,Philippines,EAP,EAP,Less Developed,4.303671836853027,3.1776978969573975,4.345935821533203,9.031126022338867,DHS 2017,8540723,Lower secondary
POL,Poland,ECA,WE,More Developed,,,,,,1131074,Lower secondary
PRT,Portugal,ECA,WE,More Developed,,,,,,299539,Lower secondary
QAT,Qatar,MENA,MENA,Less Developed,2.700767993927002,3.1388518810272217,,,MICS 2012,70351,Lower secondary
KOR,Republic of Korea,EAP,EAP,Less Developed,,,,,,1368167,Lower secondary
MDA,Republic of Moldova,ECA,EECA,More Developed,2.678642988204956,1.4217979907989502,2.426466941833496,7.6868181228637695,MICS 2012,152078,Lower secondary
ROU,Romania,ECA,EECA,More Developed,10.0,10.199999809265137,,,Institute of Educational Sciences and UNICEF 2015-2016,870624,Lower secondary
RUS,Russian Federation,ECA,EECA,More Developed,,,,,,7924172,Lower secondary
RWA,Rwanda,SSA,ESA,Least Developed,25.799999237060547,25.600000381469727,26.100000381469727,33.900001525878906,DHS 2014-15,911046,Lower secondary
KNA,Saint Kitts and Nevis,LAC,LAC,Less Developed,,,,,,2138,Lower secondary
LCA,Saint Lucia,LAC,LAC,Less Developed,1.0938210487365723,0.9588209986686707,1.0894529819488525,0,MICS 2012,6799,Lower secondary
VCT,Saint Vincent and the Grenadines,LAC,LAC,Less Developed,,,,,,5053,Lower secondary
WSM,Samoa,EAP,EAP,Less Developed,5.164966106414795,3.4791009426116943,5.480583190917969,4.769314765930176,MICS 2019-20,9218,Lower secondary
SMR,San Marino,ECA,WE,More Developed,,,,,,1081,Lower secondary
STP,Sao Tome and Principe,SSA,WCA,Least Developed,6.478870868682861,4.226049900054932,4.55893087387085,15.618880271911621,MICS 2019,17162,Lower secondary
SAU,Saudi Arabia,MENA,MENA,Less Developed,,,,,,1531118,Lower secondary
SEN,Senegal,SSA,WCA,Least Developed,39.2831916809082,36.296730041503906,49.57223129272461,56.75347137451172,DHS 2019,1596031,Lower secondary
SRB,Serbia,ECA,EECA,More Developed,0.19065509736537933,0.43215179443359375,0.098881296813488,1.2675329446792603,MICS 2019,270841,Lower secondary
SYC,Seychelles,SSA,ESA,Less Developed,,,,,,4472,Lower secondary
SLE,Sierra Leone,SSA,WCA,Least Developed,19.0,17.600000381469727,29.299999237060547,38.79999923706055,MICS 2017,584557,Lower secondary
SGP,Singapore,EAP,EAP,Less Developed,,,,,,79117,Lower secondary
SVK,Slovakia,ECA,WE,More Developed,,,,,,282577,Lower secondary
SVN,Slovenia,ECA,WE,More Developed,,,,,,61458,Lower secondary
SLB,Solomon Islands,EAP,EAP,Least Developed,,,,,,46908,Lower secondary
SOM,Somalia,SSA,ESA,Least Developed,,,,,,839494,Lower secondary
ZAF,South Africa,SSA,ESA,Less Developed,5.199999809265137,4.300000190734863,4.599999904632568,9.199999809265137,DHS 2016,2133073,Lower secondary
SSD,South Sudan,SSA,ESA,Least Developed,62.966739654541016,67.33040618896484,69.37171936035156,85.10002136230469,MICS 2010,554720,Lower secondary
ESP,Spain,ECA,WE,More Developed,,,,,,1501503,Lower secondary
LKA,Sri Lanka,SA,SA,Less Developed,0.8903819918632507,0.7452086806297302,0.920539915561676,2.2044360637664795,DHS 2016,1370896,Lower secondary
PSE,State of Palestine,MENA,MENA,Less Developed,3.8475229740142822,1.5764529705047607,5.9404778480529785,5.280398845672607,MICS 2019-20,576120,Lower secondary
SDN,Sudan,SSA,ESA,Least Developed,20.799999237060547,24.5,26.200000762939453,32.70000076293945,MICS 2014,3137133,Lower secondary
SUR,Suriname,LAC,LAC,Less Developed,6.599999904632568,5.5,10.600000381469727,13.699999809265137,MICS 2018,41043,Lower secondary
SWE,Sweden,ECA,WE,More Developed,,,,,,341849,Lower secondary
CHE,Switzerland,ECA,WE,More Developed,,,,,,245547,Lower secondary
SYR,Syrian Arab Republic,MENA,MENA,Less Developed,,,,,,1045350,Lower secondary
TJK,Tajikistan,ECA,EECA,Less Developed,2.790097951889038,4.437201976776123,2.912074089050293,3.9314029216766357,DHS 2017,932640,Lower secondary
THA,Thailand,EAP,EAP,Less Developed,3.3654580116271973,1.605355978012085,3.609060049057007,6.846005916595459,MICS 2019,2499425,Lower secondary
TLS,Timor-Leste,EAP,EAP,Least Developed,8.696843147277832,7.818324089050293,9.652524948120117,15.64490032196045,DHS 2016,92726,Lower secondary
TGO,Togo,SSA,WCA,Least Developed,12.141839981079102,14.34949016571045,13.788089752197266,20.083820343017578,MICS 2017,790865,Lower secondary
TKL,Tokelau,EAP,EAP,Not Classified,,,,,,85,Lower secondary
TON,Tonga,EAP,EAP,Less Developed,10.736470222473145,7.751006126403809,11.670570373535156,17.88071060180664,MICS 2019,11911,Lower secondary
TTO,Trinidad and Tobago,LAC,LAC,Less Developed,2.379179000854492,2.7916529178619385,2.2150180339813232,4.038331985473633,MICS 2011,57336,Lower secondary
TUN,Tunisia,MENA,MENA,Less Developed,7.0,6.800000190734863,12.100000381469727,14.199999809265137,MICS 2018,494001,Lower secondary
TUR,Turkey,ECA,EECA,Less Developed,2.5191099643707275,3.381510019302368,3.0418410301208496,5.949521064758301,DHS style 2013,5416645,Lower secondary
TKM,Turkmenistan,ECA,EECA,Less Developed,0.7565135955810547,0.9359195828437805,0.9247480034828186,1.0202440023422241,MICS 2019,622711,Lower secondary
TCA,Turks and Caicos Islands,LAC,LAC,Not Classified,0.12214930355548859,0.24959540367126465,1.113826036453247,0,MICS 2019-20,1641,Lower secondary
TUV,Tuvalu,EAP,EAP,Least Developed,22.63351058959961,17.307920455932617,30.985919952392578,28.648880004882812,MICS 2019-20,994,Lower secondary
UGA,Uganda,SSA,ESA,Least Developed,22.785629272460938,23.437490463256836,22.57781982421875,29.1146297454834,DHS 2016,4724000,Lower secondary
UKR,Ukraine,ECA,EECA,More Developed,0.8999999761581421,1.100000023841858,0.20000000298023224,0.20000000298023224,MICS 2012,1960676,Lower secondary
ARE,United Arab Emirates,MENA,MENA,Less Developed,,,,,,355806,Lower secondary
GBR,United Kingdom,ECA,WE,More Developed,,,,,,2381277,Lower secondary
TZA,United Republic of Tanzania,SSA,ESA,Least Developed,57.0,58.29999923706055,62.29999923706055,76.80000305175781,DHS 2015-16,5640979,Lower secondary
USA,United States,,,More Developed,,,,,,12500000,Lower secondary
URY,Uruguay,LAC,LAC,Less Developed,9.292808532714844,11.264249801635742,8.92867374420166,8.141824722290039,MICS 2012-13,139215,Lower secondary
UZB,Uzbekistan,ECA,EECA,Less Developed,,,,,,2833123,Lower secondary
VUT,Vanuatu,EAP,EAP,Least Developed,,,,,,29389,Lower secondary
VEN,Venezuela (Bolivarian Republic of),LAC,LAC,Less Developed,,,,,,1577307,Lower secondary
VNM,Viet Nam,EAP,EAP,Less Developed,6.017842769622803,5.873157978057861,7.171110153198242,16.38507080078125,MICS 2014,5633439,Lower secondary
YEM,Yemen,MENA,MENA,Least Developed,21.608430862426758,31.706939697265625,27.168649673461914,45.08592987060547,DHS 2013,2082940,Lower secondary
ZMB,Zambia,SSA,ESA,Least Developed,23.263790130615234,26.74920082092285,28.904020309448242,41.76728057861328,DHS 2018,935138,Lower secondary
ZWE,Zimbabwe,SSA,ESA,Less Developed,19.100000381469727,16.399999618530273,21.700000762939453,28,MICS 2019,748782,Lower secondary
,Population coverage,,,,,,,,,,Lower secondary
,East Asia & Pacific,EAP,,,0.9126047097972906,95861493,,,,,Lower secondary
,Europe & Central Asia,ECA,,,0.30461314003972895,45016561,,,,,Lower secondary
,Eastern Europe & Central Asia,,EECA,,0.5356012002816151,25602325,,,,,Lower secondary
,Western Europe,,WE,,0.0,19414236,,,,,Lower secondary
,Latin America & Caribbean,LAC,,,0.9415945995072869,34208138,,,,,Lower secondary
,Middle East & North Africa,MENA,,,0.6307857929931865,24250738,,,,,Lower secondary
,North America,,,,0.0,13687769,,,,,Lower secondary
,South Asia,SA,,,1.0,105589779,,,,,Lower secondary
,Sub-Saharan Africa,SSA,,,0.9838998506508746,86533483,,,,,Lower secondary
,Eastern & Southern Africa,,ESA,,0.9717201664989167,44543473,,,,,Lower secondary
,West & Central Africa,,WCA,,0.996820196041868,41990010,,,,,Lower secondary
,Least developed countries,,,LDC,0.98393413387103,79879478,,,,,Lower secondary
,World,,,,0.8378014890219329,405147961,,,,,Lower secondary
,"Regional aggregates (unit in %, based on >50% population coverage)",,,,,,,,,,Lower secondary
,East Asia & Pacific,EAP,,,4.833026317313335,4.515719779460367,6.044740591370502,14.228573207593907,,,Lower secondary
,Europe & Central Asia,ECA,,,,–,–,–,,,Lower secondary
,Eastern Europe & Central Asia,,EECA,,2.176947700019231,2.656479829903471,1.6562732310679698,3.2874831863831417,,,Lower secondary
,Western Europe,,WE,,,–,–,–,,,Lower secondary
,Latin America & Caribbean,LAC,,,4.785126934500365,4.671707011509167,10.02420329262488,7.850484038982124,,,Lower secondary
,Middle East & North Africa,MENA,,,11.698112287307081,14.289943039855244,15.933689022623685,20.968610988594513,,,Lower secondary
,North America,,,,,–,–,–,,,Lower secondary
,South Asia,SA,,,11.205469713740452,12.216125590179978,12.477050931617185,21.7318549101884,,,Lower secondary
,Sub-Saharan Africa,SSA,,,29.527226447804775,31.07324759101454,36.37916846914304,49.56126138560754,,,Lower secondary
,Eastern & Southern Africa,,ESA,,27.64520854617974,28.506166382563162,31.26078221840621,41.96751760881879,,,Lower secondary
,West & Central Africa,,WCA,,31.47342092116354,33.74833100250298,43.02516192572342,57.38757154705305,,,Lower secondary
,Least developed countries,,,LDC,29.643780115440457,31.10990063374472,,,,,Lower secondary
,World,,,,13.206938026598788,14.112923603005669,17.760536006318393,27.17834861902394,,,Lower secondary
AFG,Afghanistan,SA,SA,Least Developed,57.79098129272461,72.72525787353516,62.708980560302734,69.79100036621094,DHS 2015,2838749,Upper secondary
ALB,Albania,ECA,EECA,More Developed,12.199999809265137,12,16,26.600000381469727,DHS 2017-18,115351,Upper secondary
DZA,Algeria,MENA,MENA,Less Developed,22.671539306640625,17.50255012512207,27.218990325927734,37.52342987060547,MICS 2019,1792844,Upper secondary
AND,Andorra,ECA,WE,More Developed,,,,,,1378,Upper secondary
AGO,Angola,SSA,ESA,Least Developed,28.510440826416016,35.40671920776367,52.51749038696289,58.480491638183594,DHS 2015-16,2304438,Upper secondary
AIA,Anguilla,LAC,LAC,Not Classified,,,,,,404,Upper secondary
ATG,Antigua and Barbuda,LAC,LAC,Less Developed,,,,,,2762,Upper secondary
ARG,Argentina,LAC,LAC,Less Developed,6.857803821563721,5.891149997711182,,13.998970031738281,MICS 2019-20,2136201,Upper secondary
ARM,Armenia,ECA,EECA,Less Developed,6.599999904632568,4.400000095367432,8.899999618530273,11.600000381469727,DHS 2015-16,104069,Upper secondary
AUS,Australia,EAP,EAP,More Developed,,,,,,619671,Upper secondary
AUT,Austria,ECA,WE,More Developed,,,,,,352476,Upper secondary
AZE,Azerbaijan,ECA,EECA,Less Developed,,,,,,380032,Upper secondary
BHS,Bahamas,LAC,LAC,Less Developed,,,,,,19345,Upper secondary
BHR,Bahrain,MENA,MENA,Less Developed,,,,,,54977,Upper secondary
BGD,Bangladesh,SA,SA,Least Developed,31.399999618530273,26.100000381469727,31.700000762939453,45.099998474121094,MICS 2019,12300000,Upper secondary
BRB,Barbados,LAC,LAC,Less Developed,0.6293554902076721,1.279013991355896,1.1895250082015991,0,MICS 2012,7381,Upper secondary
BLR,Belarus,ECA,EECA,More Developed,0.7500641942024231,0.7660588026046753,0,1.6396969556808472,MICS 2019,182250,Upper secondary
BEL,Belgium,ECA,WE,More Developed,,,,,,517706,Upper secondary
BLZ,Belize,LAC,LAC,Less Developed,32.70000076293945,35.099998474121094,38.400001525878906,54.400001525878906,MICS 2015-16,15780,Upper secondary
BEN,Benin,SSA,WCA,Least Developed,58.400001525878906,66.0999984741211,64.69999694824219,82.30000305175781,DHS 2017-18,774147,Upper secondary
BTN,Bhutan,SA,SA,Least Developed,39.377960205078125,40.06983947753906,44.48480987548828,54.904640197753906,MICS 2010,27614,Upper secondary
BOL,Bolivia (Plurinational State of),LAC,LAC,Less Developed,10.839520454406738,11.579500198364258,16.693960189819336,,Encuesta de DemografÃ­a y Salud (EDSA) 2016,919737,Upper secondary
BIH,Bosnia and Herzegovina,ECA,EECA,More Developed,6.699999809265137,5.699999809265137,6.699999809265137,15,MICS 2011-12,128368,Upper secondary
BWA,Botswana,SSA,ESA,Less Developed,32.29999923706055,28,46.099998474121094,,Botswana Demographic Survey 2017,93082,Upper secondary
BRA,Brazil,LAC,LAC,Less Developed,7.655943870544434,7.261960029602051,12.231769561767578,11.512579917907715,PNAD 2019,9524937,Upper secondary
VGB,British Virgin Islands,LAC,LAC,Not Classified,,,,,,871,Upper secondary
BRN,Brunei Darussalam,EAP,EAP,Less Developed,,,,,,32505,Upper secondary
BGR,Bulgaria,ECA,EECA,More Developed,,,,,,255811,Upper secondary
BFA,Burkina Faso,SSA,WCA,Least Developed,74.19931030273438,79.244873046875,83.18315124511719,89.87442016601562,DHS 2010,1382986,Upper secondary
BDI,Burundi,SSA,ESA,Least Developed,53.51348114013672,54.29890060424805,55.19321060180664,75.94973754882812,DHS 2016-17,727191,Upper secondary
CPV,Cabo Verde,SSA,WCA,Less Developed,,,,,,29772,Upper secondary
KHM,Cambodia,EAP,EAP,Least Developed,59.97093963623047,61.921058654785156,64.65997314453125,79.15939331054688,DHS 2014,880748,Upper secondary
CMR,Cameroon,SSA,WCA,Less Developed,41.61478042602539,48.626708984375,54.89223098754883,61.35062026977539,DHS 2018,1661269,Upper secondary
CAN,Canada,,,More Developed,,,,,,1166235,Upper secondary
CAF,Central African Republic,SSA,WCA,Least Developed,48.83979034423828,63.46807098388672,65.38742065429688,70.80422973632812,MICS 2018-19,359485,Upper secondary
TCD,Chad,SSA,WCA,Least Developed,63.62023162841797,73.70543670654297,69.78475952148438,85.84800720214844,MICS 2019,1112971,Upper secondary
CHL,Chile,LAC,LAC,Less Developed,2.5,2.5999999046325684,1.899999976158142,,CASEN 2017,987531,Upper secondary
CHN,China,EAP,EAP,Less Developed,14.399999618530273,12.699999809265137,18.5,,National Population Sample Survey 2015,49200000,Upper secondary
COL,Colombia,LAC,LAC,Less Developed,16.427339553833008,15.626609802246094,26.362089157104492,28.67070960998535,DHS 2015,1621154,Upper secondary
COM,Comoros,SSA,ESA,Least Developed,27.260929107666016,29.391450881958008,30.487459182739258,44.63282012939453,DHS 2012,53700,Upper secondary
COG,Congo,SSA,WCA,Less Developed,25.172500610351562,30.803329467773438,41.24129867553711,51.65715026855469,MICS 2014-15,343099,Upper secondary
COK,Cook Islands,EAP,EAP,Less Developed,,,,,,785,Upper secondary
CRI,Costa Rica,LAC,LAC,Less Developed,9.399587631225586,7.777316093444824,11.101829528808594,20.22368049621582,MICS 2018,142606,Upper secondary
HRV,Croatia,ECA,EECA,More Developed,,,,,,155042,Upper secondary
CUB,Cuba,LAC,LAC,Less Developed,21.09303092956543,17.590660095214844,26.329029083251953,34.111968994140625,MICS 2019,378574,Upper secondary
CYP,Cyprus,ECA,WE,More Developed,,,,,,28169,Upper secondary
CZE,Czechia,ECA,WE,More Developed,,,,,,395385,Upper secondary
CIV,Côte d'Ivoire,SSA,WCA,Less Developed,56.28688049316406,66.14774322509766,69.75910949707031,85.83277130126953,MICS 2016,1711088,Upper secondary
PRK,Democratic People's Republic of Korea,EAP,EAP,Less Developed,0.6000000238418579,0.5,0.6000000238418579,,MICS 2017,1133843,Upper secondary
COD,Democratic Republic of the Congo,SSA,WCA,Least Developed,28.769290924072266,33.28099060058594,35.780860900878906,44.34033966064453,MICS 2017-18,8049578,Upper secondary
DNK,Denmark,ECA,WE,More Developed,,,,,,201566,Upper secondary
DJI,Djibouti,SSA,ESA,Least Developed,,,,,,54266,Upper secondary
DMA,Dominica,LAC,LAC,Less Developed,,,,,,1873,Upper secondary
DOM,Dominican Republic,LAC,LAC,Less Developed,16.444780349731445,15.728890419006348,19.820470809936523,27.76007080078125,MICS 2019,765762,Upper secondary
ECU,Ecuador,LAC,LAC,Less Developed,14.800000190734863,15.100000381469727,19.5,,GEPH-ENEMDU-DICIEMBRE - 2019,933909,Upper secondary
EGY,Egypt,MENA,MENA,Less Developed,23.90427017211914,26.984769821166992,27.109710693359375,32.805118560791016,DHS 2014,5275602,Upper secondary
SLV,El Salvador,LAC,LAC,Less Developed,34.900001525878906,35,49.29999923706055,60.900001525878906,MICS 2014,343332,Upper secondary
GNQ,Equatorial Guinea,SSA,WCA,Less Developed,,,,,,47074,Upper secondary
ERI,Eritrea,SSA,ESA,Least Developed,,,,,,329089,Upper secondary
EST,Estonia,ECA,WE,More Developed,,,,,,37272,Upper secondary
SWZ,Eswatini,SSA,ESA,Less Developed,17.5,23.799999237060547,16.299999237060547,22,MICS 2014,53174,Upper secondary
ETH,Ethiopia,SSA,ESA,Least Developed,54.14836883544922,59.444908142089844,58.30086898803711,68.26349639892578,DHS 2016,5161231,Upper secondary
FJI,Fiji,EAP,EAP,Less Developed,,,,,,45300,Upper secondary
FIN,Finland,ECA,WE,More Developed,,,,,,176689,Upper secondary
FRA,France,ECA,WE,More Developed,,,,,,2501397,Upper secondary
GAB,Gabon,SSA,WCA,Less Developed,17.98093032836914,18.25279998779297,31.14204978942871,29.471729278564453,DHS 2012,119011,Upper secondary
GMB,Gambia,SSA,WCA,Least Developed,49.91691970825195,54.952720642089844,62.94620895385742,63.80091094970703,DHS 2013,153821,Upper secondary
GEO,Georgia,ECA,EECA,Less Developed,11.300000190734863,8.226219177246094,12.66178035736084,19.7993106842041,MICS 2018,131517,Upper secondary
DEU,Germany,ECA,WE,More Developed,,,,,,2468224,Upper secondary
GHA,Ghana,SSA,WCA,Less Developed,24.88534927368164,29.02722930908203,26.489849090576172,31.404619216918945,MICS 2017-18,2532295,Upper secondary
GRC,Greece,ECA,WE,More Developed,,,,,,317175,Upper secondary
GRD,Grenada,LAC,LAC,Less Developed,,,,,,3031,Upper secondary
GTM,Guatemala,LAC,LAC,Less Developed,48.889930725097656,53.846500396728516,60.58245086669922,74.86750030517578,DHS 2014-15,780900,Upper secondary
GIN,Guinea,SSA,WCA,Least Developed,62.75358963012695,73.03443908691406,80.8299789428711,85.8676528930664,DHS 2018,884590,Upper secondary
GNB,Guinea-Bissau,SSA,WCA,Least Developed,32.20438003540039,35.93431854248047,35.005191802978516,33.40216064453125,MICS 2018-19,128066,Upper secondary
GUY,Guyana,LAC,LAC,Less Developed,17.564189910888672,12.360799789428711,18.784950256347656,31.626609802246094,MICS 2019-20,29302,Upper secondary
HTI,Haiti,LAC,LAC,Least Developed,14.574979782104492,15.041520118713379,17.62282943725586,29.310340881347656,DHS 2016-17,921408,Upper secondary
VAT,Holy See,ECA,WE,Not Classified,,,,,,0,Upper secondary
HND,Honduras,LAC,LAC,Less Developed,46.526309967041016,45.02812957763672,61.01702117919922,79.00183868408203,MICS 2019,414004,Upper secondary
HUN,Hungary,ECA,WE,More Developed,,,,,,387850,Upper secondary
ISL,Iceland,ECA,WE,More Developed,,,,,,17077,Upper secondary
IND,India,SA,SA,Less Developed,23.347700119018555,25.741029739379883,26.0114803314209,41.24217987060547,DHS 2015-16,101000000,Upper secondary
IDN,Indonesia,EAP,EAP,Less Developed,20.355680465698242,19.006450653076172,26.388280868530273,38.59811019897461,DHS 2017,14000000,Upper secondary
IRN,Iran (Islamic Republic of),MENA,MENA,Less Developed,,,,,,4546369,Upper secondary
IRQ,Iraq,MENA,MENA,Less Developed,40.099998474121094,46.099998474121094,49.099998474121094,62.29999923706055,MICS 2018,2532631,Upper secondary
IRL,Ireland,ECA,WE,More Developed,,,,,,130616,Upper secondary
ISR,Israel,MENA,MENA,More Developed,,,,,,406781,Upper secondary
ITA,Italy,ECA,WE,More Developed,,,,,,2874373,Upper secondary
JAM,Jamaica,LAC,LAC,Less Developed,8.966146469116211,6.842473983764648,11.311670303344727,15.98838996887207,MICS 2011,93406,Upper secondary
JPN,Japan,EAP,EAP,More Developed,,,,,,3392196,Upper secondary
JOR,Jordan,MENA,MENA,Less Developed,19.5,16.399999618530273,20,41.5,DHS 2017-18,420014,Upper secondary
KAZ,Kazakhstan,ECA,EECA,Less Developed,2.5,2.0999999046325684,3.700000047683716,2.4000000953674316,MICS 2015,486995,Upper secondary
KEN,Kenya,SSA,ESA,Less Developed,10.34060001373291,11.386429786682129,9.685359954833984,16.08987045288086,DHS 2014,5127443,Upper secondary
KIR,Kiribati,EAP,EAP,Least Developed,38.542701721191406,30.164560317993164,42.027000427246094,53.04988098144531,MICS 2018-19,8561,Upper secondary
XKX,Kosovo under UNSC res. 1244*,ECA,,,9.5,8.1,8.7,23.2,MICS 2019-20,,Upper secondary
KWT,Kuwait,MENA,MENA,Less Developed,,,,,,141668,Upper secondary
KGZ,Kyrgyzstan,ECA,EECA,Less Developed,11.399999618530273,12.699999809265137,12.600000381469727,19.700000762939453,MICS 2018,199191,Upper secondary
LAO,Lao People's Democratic Republic,EAP,EAP,Least Developed,38.099998474121094,41.79999923706055,46.099998474121094,68.0999984741211,MICS 2017,429018,Upper secondary
LVA,Latvia,ECA,WE,More Developed,,,,,,53500,Upper secondary
LBN,Lebanon,MENA,MENA,Less Developed,,,,,,179662,Upper secondary
LSO,Lesotho,SSA,ESA,Least Developed,35.599998474121094,27.5,43.099998474121094,59,MICS 2018,85951,Upper secondary
LBR,Liberia,SSA,WCA,Least Developed,27.43501091003418,34.611690521240234,38.275089263916016,49.635250091552734,DHS 2013,341131,Upper secondary
LBY,Libya,MENA,MENA,Less Developed,,,,,,342293,Upper secondary
LIE,Liechtenstein,ECA,WE,More Developed,,,,,,1180,Upper secondary
LTU,Lithuania,ECA,WE,More Developed,,,,,,51781,Upper secondary
LUX,Luxembourg,ECA,WE,More Developed,,,,,,27155,Upper secondary
MDG,Madagascar,SSA,ESA,Least Developed,65.69999694824219,66.5999984741211,71.5,88.5,MICS 2018,1845062,Upper secondary
MWI,Malawi,SSA,ESA,Least Developed,28.927249908447266,36.39693069458008,31.208890914916992,44.59379959106445,DHS 2015-16,915933,Upper secondary
MYS,Malaysia,EAP,EAP,Less Developed,,,,,,2081195,Upper secondary
MDV,Maldives,SA,SA,Less Developed,25.07353973388672,22.8795108795166,36.71052932739258,41.62322998046875,DHS 2016-17,10271,Upper secondary
MLI,Mali,SSA,WCA,Least Developed,75.19999694824219,79.80000305175781,82.80000305175781,94,MICS 2015,1349083,Upper secondary
MLT,Malta,ECA,WE,More Developed,,,,,,16016,Upper secondary
MHL,Marshall Islands,EAP,EAP,Less Developed,,,,,,3028,Upper secondary
MRT,Mauritania,SSA,WCA,Least Developed,57.73548889160156,59.62841033935547,71.96122741699219,82.09113311767578,MICS 2015,281848,Upper secondary
MUS,Mauritius,SSA,ESA,Less Developed,,,,,,73589,Upper secondary
MEX,Mexico,LAC,LAC,Less Developed,24.899999618530273,23.799999237060547,38.20000076293945,,ENIGH 2018,6742044,Upper secondary
FSM,Micronesia (Federated States of),EAP,EAP,Less Developed,,,,,,9213,Upper secondary
MCO,Monaco,ECA,WE,More Developed,,,,,,614,Upper secondary
MNG,Mongolia,EAP,EAP,Less Developed,10.600000381469727,5.400000095367432,18.700000762939453,25.100000381469727,MICS 2018,133941,Upper secondary
MNE,Montenegro,ECA,EECA,More Developed,7.869295120239258,6.444224834442139,12.490309715270996,24.80385971069336,MICS 2018,31195,Upper secondary
MSR,Montserrat,LAC,LAC,Not Classified,,,,,,135,Upper secondary
MAR,Morocco,MENA,MENA,Less Developed,,,,,,1798473,Upper secondary
MOZ,Mozambique,SSA,ESA,Least Developed,53.400001525878906,63.29999923706055,66.19999694824219,76.0999984741211,DHS 2011,1481835,Upper secondary
MMR,Myanmar,EAP,EAP,Least Developed,51.599998474121094,48.900001525878906,58.29999923706055,72.69999694824219,DHS 2015-16,2005456,Upper secondary
NAM,Namibia,SSA,ESA,Less Developed,33.87636947631836,35.41149139404297,35.03548049926758,39.13481140136719,DHS 2013,97039,Upper secondary
NRU,Nauru,EAP,EAP,Less Developed,,,,,,401,Upper secondary
NPL,Nepal,SA,SA,Least Developed,15.060720443725586,14.959839820861816,17.22226905822754,20.393829345703125,MICS 2019,2453455,Upper secondary
NLD,Netherlands,ECA,WE,More Developed,,,,,,605839,Upper secondary
NZL,New Zealand,EAP,EAP,More Developed,,,,,,185474,Upper secondary
NIC,Nicaragua,LAC,LAC,Less Developed,,,,,,246446,Upper secondary
NER,Niger,SSA,WCA,Least Developed,86.21882629394531,91.179443359375,95.39806365966797,98.64108276367188,DHS 2012,1509874,Upper secondary
NGA,Nigeria,SSA,WCA,Less Developed,32.599998474121094,34.099998474121094,46.79999923706055,75.0999984741211,DHS 2018,13600000,Upper secondary
NIU,Niue,EAP,EAP,Less Developed,,,,,,76,Upper secondary
MKD,North Macedonia,ECA,EECA,More Developed,12.284070014953613,11.605369567871094,11.436209678649902,29.185609817504883,MICS 2018-19,96385,Upper secondary
NOR,Norway,ECA,WE,More Developed,,,,,,191677,Upper secondary
OMN,Oman,MENA,MENA,Less Developed,,,,,,82993,Upper secondary
PAK,Pakistan,SA,SA,Less Developed,45.88370132446289,54.185279846191406,53.8348388671875,75.00962829589844,DHS 2017-18,18100000,Upper secondary
PLW,Palau,EAP,EAP,Less Developed,,,,,,943,Upper secondary
PAN,Panama,LAC,LAC,Less Developed,20.388839721679688,16.834379196166992,30.997699737548828,38.75558853149414,MICS 2013,217381,Upper secondary
PNG,Papua New Guinea,EAP,EAP,Less Developed,,,,,,756103,Upper secondary
PRY,Paraguay,LAC,LAC,Less Developed,25.799999237060547,25.899999618530273,36.79999923706055,37.79999923706055,Encuesta Permanente de Hogares 2017,396335,Upper secondary
PER,Peru,LAC,LAC,Less Developed,15.5,16.100000381469727,20.700000762939453,29.5,DHS 2012,1022275,Upper secondary
PHL,Philippines,EAP,EAP,Less Developed,9.14298152923584,4.33558988571167,10.022680282592773,20.993799209594727,DHS 2017,4174283,Upper secondary
POL,Poland,ECA,WE,More Developed,,,,,,1022159,Upper secondary
PRT,Portugal,ECA,WE,More Developed,,,,,,312142,Upper secondary
QAT,Qatar,MENA,MENA,Less Developed,6.438334941864014,6.828011989593506,,,MICS 2012,56775,Upper secondary
KOR,Republic of Korea,EAP,EAP,Less Developed,,,,,,1415898,Upper secondary
MDA,Republic of Moldova,ECA,EECA,More Developed,24.602930068969727,19.65797996520996,31.805980682373047,60.347469329833984,MICS 2012,54765,Upper secondary
ROU,Romania,ECA,EECA,More Developed,,,,,,797500,Upper secondary
RUS,Russian Federation,ECA,EECA,More Developed,,,,,,2882215,Upper secondary
RWA,Rwanda,SSA,ESA,Least Developed,58.70000076293945,59.400001525878906,59.400001525878906,72.0999984741211,DHS 2014-15,832064,Upper secondary
KNA,Saint Kitts and Nevis,LAC,LAC,Less Developed,,,,,,1455,Upper secondary
LCA,Saint Lucia,LAC,LAC,Less Developed,17.299999237060547,13.800000190734863,16.700000762939453,21.299999237060547,MICS 2012,4957,Upper secondary
VCT,Saint Vincent and the Grenadines,LAC,LAC,Less Developed,,,,,,3549,Upper secondary
WSM,Samoa,EAP,EAP,Less Developed,19.509489059448242,13.35593032836914,21.230789184570312,28.45611000061035,MICS 2019-20,21119,Upper secondary
SMR,San Marino,ECA,WE,More Developed,,,,,,1699,Upper secondary
STP,Sao Tome and Principe,SSA,WCA,Least Developed,16.7549991607666,15.673319816589355,18.456260681152344,36.186309814453125,MICS 2019,15709,Upper secondary
SAU,Saudi Arabia,MENA,MENA,Less Developed,,,,,,1353144,Upper secondary
SEN,Senegal,SSA,WCA,Least Developed,54.53369140625,55.667579650878906,68.78307342529297,78.52079010009766,DHS 2019,1055647,Upper secondary
SRB,Serbia,ECA,EECA,More Developed,3.8083529472351074,4.02203893661499,7.245471954345703,17.52120018005371,MICS 2019,287671,Upper secondary
SYC,Seychelles,SSA,ESA,Less Developed,,,,,,5297,Upper secondary
SLE,Sierra Leone,SSA,WCA,Least Developed,36.0,39.70000076293945,53.79999923706055,65.5999984741211,MICS 2017,709801,Upper secondary
SGP,Singapore,EAP,EAP,Less Developed,,,,,,77915,Upper secondary
SVK,Slovakia,ECA,WE,More Developed,,,,,,209724,Upper secondary
SVN,Slovenia,ECA,WE,More Developed,,,,,,73618,Upper secondary
SLB,Solomon Islands,EAP,EAP,Least Developed,,,,,,57724,Upper secondary
SOM,Somalia,SSA,ESA,Least Developed,,,,,,1525307,Upper secondary
ZAF,South Africa,SSA,ESA,Less Developed,15.899999618530273,17.100000381469727,15.199999809265137,26.100000381469727,DHS 2016,2989636,Upper secondary
SSD,South Sudan,SSA,ESA,Least Developed,60.072330474853516,68.00647735595703,66.28489685058594,81.97090148925781,MICS 2010,1021171,Upper secondary
ESP,Spain,ECA,WE,More Developed,,,,,,1359884,Upper secondary
LKA,Sri Lanka,SA,SA,Less Developed,19.11787986755371,15.610830307006836,19.2219295501709,31.245899200439453,DHS 2016,1358749,Upper secondary
PSE,State of Palestine,MENA,MENA,Less Developed,21.63797950744629,11.87833023071289,27.965160369873047,31.86712074279785,MICS 2019-20,309632,Upper secondary
SDN,Sudan,SSA,ESA,Least Developed,32.28942108154297,35.52865982055664,39.38462829589844,45.984291076660156,MICS 2014,2951211,Upper secondary
SUR,Suriname,LAC,LAC,Less Developed,24.200000762939453,18,35.20000076293945,42.400001525878906,MICS 2018,30420,Upper secondary
SWE,Sweden,ECA,WE,More Developed,,,,,,324588,Upper secondary
CHE,Switzerland,ECA,WE,More Developed,,,,,,342784,Upper secondary
SYR,Syrian Arab Republic,MENA,MENA,Less Developed,,,,,,951544,Upper secondary
TJK,Tajikistan,ECA,EECA,Less Developed,27.712060928344727,37.28805923461914,27.973939895629883,29.793149948120117,DHS 2017,321651,Upper secondary
THA,Thailand,EAP,EAP,Less Developed,18.04914093017578,11.189749717712402,19.92466926574707,33.187679290771484,MICS 2019,2577813,Upper secondary
TLS,Timor-Leste,EAP,EAP,Least Developed,16.636430740356445,14.416879653930664,18.836509704589844,26.092100143432617,DHS 2016,93589,Upper secondary
TGO,Togo,SSA,WCA,Least Developed,29.54503059387207,40.178749084472656,31.79718017578125,37.565128326416016,MICS 2017,535130,Upper secondary
TKL,Tokelau,EAP,EAP,Not Classified,,,,,,68,Upper secondary
TON,Tonga,EAP,EAP,Less Developed,38.90420913696289,29.37261962890625,40.101478576660156,48.313228607177734,MICS 2019,4577,Upper secondary
TTO,Trinidad and Tobago,LAC,LAC,Less Developed,9.797261238098145,7.733259201049805,9.513890266418457,17.65584945678711,MICS 2011,36689,Upper secondary
TUN,Tunisia,MENA,MENA,Less Developed,26.799999237060547,20.899999618530273,40.900001525878906,47,MICS 2018,629305,Upper secondary
TUR,Turkey,ECA,EECA,Less Developed,,,,,,5445437,Upper secondary
TKM,Turkmenistan,ECA,EECA,Less Developed,0.940483808517456,0.8780199885368347,0.9137679934501648,1.1739330291748047,MICS 2019,196509,Upper secondary
TCA,Turks and Caicos Islands,LAC,LAC,Not Classified,10.598469734191895,15.222809791564941,0,39.3543701171875,MICS 2019-20,1211,Upper secondary
TUV,Tuvalu,EAP,EAP,Least Developed,52.514339447021484,36.82767105102539,66.10169219970703,75.96894836425781,MICS 2019-20,707,Upper secondary
UGA,Uganda,SSA,ESA,Least Developed,60.68033981323242,67.66162872314453,61.886260986328125,73.14891815185547,DHS 2016,2136325,Upper secondary
UKR,Ukraine,ECA,EECA,More Developed,1.600000023841858,1.2000000476837158,4.199999809265137,5.699999809265137,MICS 2012,866060,Upper secondary
ARE,United Arab Emirates,MENA,MENA,Less Developed,,,,,,298017,Upper secondary
GBR,United Kingdom,ECA,WE,More Developed,,,,,,2961761,Upper secondary
TZA,United Republic of Tanzania,SSA,ESA,Least Developed,77.71444702148438,80.60012817382812,81.8955078125,92.94695281982422,DHS 2015-16,2516756,Upper secondary
USA,United States,,,More Developed,,,,,,12500000,Upper secondary
URY,Uruguay,LAC,LAC,Less Developed,21.45890998840332,15.10219955444336,26.94416046142578,41.34809875488281,MICS 2012-13,143865,Upper secondary
UZB,Uzbekistan,ECA,EECA,Less Developed,,,,,,1497948,Upper secondary
VUT,Vanuatu,EAP,EAP,Least Developed,,,,,,18588,Upper secondary
VEN,Venezuela (Bolivarian Republic of),LAC,LAC,Less Developed,,,,,,1034975,Upper secondary
VNM,Viet Nam,EAP,EAP,Less Developed,24.100000381469727,21.799999237060547,26.600000381469727,49,MICS 2014,3929129,Upper secondary
YEM,Yemen,MENA,MENA,Least Developed,41.400001525878906,53.900001525878906,48.400001525878906,66.4000015258789,DHS 2013,1959731,Upper secondary
ZMB,Zambia,SSA,ESA,Least Developed,52.49274826049805,60.62691879272461,57.62990951538086,73.30998229980469,DHS 2018,1313477,Upper secondary
ZWE,Zimbabwe,SSA,ESA,Less Developed,51.099998474121094,54.29999923706055,54.5,62.70000076293945,MICS 2019,1364918,Upper secondary
,Population coverage,,,,,,,,,,Upper secondary
,East Asia & Pacific,EAP,,,0.9003654914493111,87289867,,,,,Upper secondary
,Europe & Central Asia,ECA,,,0.09828214951296271,32579436,,,,,Upper secondary
,Eastern Europe & Central Asia,,EECA,,0.21907398226678476,14615962,,,,,Upper secondary
,Western Europe,,WE,,0.0,17963474,,,,,Upper secondary
,Latin America & Caribbean,LAC,,,0.9560633452969759,29925947,,,,,Upper secondary
,Middle East & North Africa,MENA,,,0.5609665727221775,23132455,,,,,Upper secondary
,North America,,,,0.0,13666235,,,,,Upper secondary
,South Asia,SA,,,1.0,138088838,,,,,Upper secondary
,Sub-Saharan Africa,SSA,,,0.9720069491960721,73746660,,,,,Upper secondary
,Eastern & Southern Africa,,ESA,,0.9433087791401882,35059185,,,,,Upper secondary
,West & Central Africa,,WCA,,0.9980136723836333,38687475,,,,,Upper secondary
,Least developed countries,,,LDC,0.9707637271401387,67894222,,,,,Upper secondary
,World,,,,0.8361668798177508,398429438,,,,,Upper secondary
,"Regional aggregates (unit in %, based on >50% population coverage)",,,,,,,,,,Upper secondary
,East Asia & Pacific,EAP,,,17.178483740193585,15.348006637482849,22.455115487980375,40.976504343717785,,,Upper secondary
,Europe & Central Asia,ECA,,,,–,–,–,,,Upper secondary
,Eastern Europe & Central Asia,,EECA,,,–,–,–,,,Upper secondary
,Western Europe,,WE,,,–,–,–,,,Upper secondary
,Latin America & Caribbean,LAC,,,15.72004960855729,15.277030941334537,27.3949296159409,22.444141344457233,,,Upper secondary
,Middle East & North Africa,MENA,,,29.404485683782987,32.392264020428335,34.927601871151644,45.28911508956042,,,Upper secondary
,North America,,,,,–,–,–,,,Upper secondary
,South Asia,SA,,,27.54139262873256,30.221225764976154,30.58266677317942,46.132750270639505,,,Upper secondary
,Sub-Saharan Africa,SSA,,,41.38784934746145,45.51424137883562,50.71722078399868,62.53012665087733,,,Upper secondary
,Eastern & Southern Africa,,ESA,,42.109595360531095,46.08212264831823,48.037284122798226,57.117634458859165,,,Upper secondary
,West & Central Africa,,WCA,,40.76964335681476,45.02419181655601,53.521186731130854,67.15310680076148,,,Upper secondary
,Least developed countries,,,LDC,44.97234435524582,48.339102745441075,,,,,Upper secondary
,World,,,,26.935921952826302,28.727682692484926,33.61119458219247,47.81604121688311,,,Upper secondary
